--
-- PostgreSQL database dump
--

-- Dumped from database version 12.3
-- Dumped by pg_dump version 12.3

-- Started on 2020-09-22 16:39:07

SET statement_timeout = 0;
SET lock_timeout = 0;
SET idle_in_transaction_session_timeout = 0;
SET client_encoding = 'UTF8';
SET standard_conforming_strings = on;
SELECT pg_catalog.set_config('search_path', '', false);
SET check_function_bodies = false;
SET xmloption = content;
SET client_min_messages = warning;
SET row_security = off;

DROP DATABASE "jambDB";
--
-- TOC entry 2894 (class 1262 OID 32829)
-- Name: jambDB; Type: DATABASE; Schema: -; Owner: postgres
--

CREATE DATABASE "jambDB" WITH TEMPLATE = template0 ENCODING = 'UTF8' LC_COLLATE = 'English_United States.1252' LC_CTYPE = 'English_United States.1252';


ALTER DATABASE "jambDB" OWNER TO postgres;

\connect "jambDB"

SET statement_timeout = 0;
SET lock_timeout = 0;
SET idle_in_transaction_session_timeout = 0;
SET client_encoding = 'UTF8';
SET standard_conforming_strings = on;
SELECT pg_catalog.set_config('search_path', '', false);
SET check_function_bodies = false;
SET xmloption = content;
SET client_min_messages = warning;
SET row_security = off;

--
-- TOC entry 3 (class 2615 OID 2200)
-- Name: public; Type: SCHEMA; Schema: -; Owner: postgres
--

CREATE SCHEMA public;


ALTER SCHEMA public OWNER TO postgres;

--
-- TOC entry 2895 (class 0 OID 0)
-- Dependencies: 3
-- Name: SCHEMA public; Type: COMMENT; Schema: -; Owner: postgres
--

COMMENT ON SCHEMA public IS 'standard public schema';


SET default_tablespace = '';

SET default_table_access_method = heap;

--
-- TOC entry 203 (class 1259 OID 69147)
-- Name: auth_role; Type: TABLE; Schema: public; Owner: postgres
--

CREATE TABLE public.auth_role (
    id integer NOT NULL,
    description character varying(255),
    label character varying(255)
);


ALTER TABLE public.auth_role OWNER TO postgres;

--
-- TOC entry 202 (class 1259 OID 69145)
-- Name: auth_role_id_seq; Type: SEQUENCE; Schema: public; Owner: postgres
--

CREATE SEQUENCE public.auth_role_id_seq
    AS integer
    START WITH 1
    INCREMENT BY 1
    NO MINVALUE
    NO MAXVALUE
    CACHE 1;


ALTER TABLE public.auth_role_id_seq OWNER TO postgres;

--
-- TOC entry 2896 (class 0 OID 0)
-- Dependencies: 202
-- Name: auth_role_id_seq; Type: SEQUENCE OWNED BY; Schema: public; Owner: postgres
--

ALTER SEQUENCE public.auth_role_id_seq OWNED BY public.auth_role.id;


--
-- TOC entry 205 (class 1259 OID 69158)
-- Name: auth_user; Type: TABLE; Schema: public; Owner: postgres
--

CREATE TABLE public.auth_user (
    id integer NOT NULL,
    password character varying(255) NOT NULL,
    username character varying(15) NOT NULL
);


ALTER TABLE public.auth_user OWNER TO postgres;

--
-- TOC entry 204 (class 1259 OID 69156)
-- Name: auth_user_id_seq; Type: SEQUENCE; Schema: public; Owner: postgres
--

CREATE SEQUENCE public.auth_user_id_seq
    AS integer
    START WITH 1
    INCREMENT BY 1
    NO MINVALUE
    NO MAXVALUE
    CACHE 1;


ALTER TABLE public.auth_user_id_seq OWNER TO postgres;

--
-- TOC entry 2897 (class 0 OID 0)
-- Dependencies: 204
-- Name: auth_user_id_seq; Type: SEQUENCE OWNED BY; Schema: public; Owner: postgres
--

ALTER SEQUENCE public.auth_user_id_seq OWNED BY public.auth_user.id;


--
-- TOC entry 206 (class 1259 OID 69164)
-- Name: auth_user_role; Type: TABLE; Schema: public; Owner: postgres
--

CREATE TABLE public.auth_user_role (
    user_id integer NOT NULL,
    role_id integer NOT NULL
);


ALTER TABLE public.auth_user_role OWNER TO postgres;

--
-- TOC entry 207 (class 1259 OID 69169)
-- Name: box; Type: TABLE; Schema: public; Owner: postgres
--

CREATE TABLE public.box (
    box_type integer NOT NULL,
    available boolean,
    filled boolean,
    value integer,
    column_type integer NOT NULL,
    form_id integer NOT NULL
);


ALTER TABLE public.box OWNER TO postgres;

--
-- TOC entry 208 (class 1259 OID 69174)
-- Name: column; Type: TABLE; Schema: public; Owner: postgres
--

CREATE TABLE public."column" (
    column_type integer NOT NULL,
    form_id integer NOT NULL
);


ALTER TABLE public."column" OWNER TO postgres;

--
-- TOC entry 209 (class 1259 OID 69179)
-- Name: dice; Type: TABLE; Schema: public; Owner: postgres
--

CREATE TABLE public.dice (
    ordinal_number integer NOT NULL,
    value integer,
    form_id integer NOT NULL
);


ALTER TABLE public.dice OWNER TO postgres;

--
-- TOC entry 211 (class 1259 OID 69186)
-- Name: form; Type: TABLE; Schema: public; Owner: postgres
--

CREATE TABLE public.form (
    id integer NOT NULL,
    announcement integer,
    roll_count integer NOT NULL,
    user_id integer NOT NULL
);


ALTER TABLE public.form OWNER TO postgres;

--
-- TOC entry 210 (class 1259 OID 69184)
-- Name: form_id_seq; Type: SEQUENCE; Schema: public; Owner: postgres
--

CREATE SEQUENCE public.form_id_seq
    AS integer
    START WITH 1
    INCREMENT BY 1
    NO MINVALUE
    NO MAXVALUE
    CACHE 1;


ALTER TABLE public.form_id_seq OWNER TO postgres;

--
-- TOC entry 2898 (class 0 OID 0)
-- Dependencies: 210
-- Name: form_id_seq; Type: SEQUENCE OWNED BY; Schema: public; Owner: postgres
--

ALTER SEQUENCE public.form_id_seq OWNED BY public.form.id;


--
-- TOC entry 213 (class 1259 OID 69194)
-- Name: score; Type: TABLE; Schema: public; Owner: postgres
--

CREATE TABLE public.score (
    id integer NOT NULL,
    date timestamp without time zone NOT NULL,
    value integer NOT NULL,
    user_id integer NOT NULL
);


ALTER TABLE public.score OWNER TO postgres;

--
-- TOC entry 212 (class 1259 OID 69192)
-- Name: score_id_seq; Type: SEQUENCE; Schema: public; Owner: postgres
--

CREATE SEQUENCE public.score_id_seq
    AS integer
    START WITH 1
    INCREMENT BY 1
    NO MINVALUE
    NO MAXVALUE
    CACHE 1;


ALTER TABLE public.score_id_seq OWNER TO postgres;

--
-- TOC entry 2899 (class 0 OID 0)
-- Dependencies: 212
-- Name: score_id_seq; Type: SEQUENCE OWNED BY; Schema: public; Owner: postgres
--

ALTER SEQUENCE public.score_id_seq OWNED BY public.score.id;


--
-- TOC entry 2722 (class 2604 OID 69150)
-- Name: auth_role id; Type: DEFAULT; Schema: public; Owner: postgres
--

ALTER TABLE ONLY public.auth_role ALTER COLUMN id SET DEFAULT nextval('public.auth_role_id_seq'::regclass);


--
-- TOC entry 2723 (class 2604 OID 69161)
-- Name: auth_user id; Type: DEFAULT; Schema: public; Owner: postgres
--

ALTER TABLE ONLY public.auth_user ALTER COLUMN id SET DEFAULT nextval('public.auth_user_id_seq'::regclass);


--
-- TOC entry 2724 (class 2604 OID 69189)
-- Name: form id; Type: DEFAULT; Schema: public; Owner: postgres
--

ALTER TABLE ONLY public.form ALTER COLUMN id SET DEFAULT nextval('public.form_id_seq'::regclass);


--
-- TOC entry 2725 (class 2604 OID 69197)
-- Name: score id; Type: DEFAULT; Schema: public; Owner: postgres
--

ALTER TABLE ONLY public.score ALTER COLUMN id SET DEFAULT nextval('public.score_id_seq'::regclass);


--
-- TOC entry 2878 (class 0 OID 69147)
-- Dependencies: 203
-- Data for Name: auth_role; Type: TABLE DATA; Schema: public; Owner: postgres
--

COPY public.auth_role (id, description, label) FROM stdin;
1	\N	USER
2	\N	ADMIN
\.


--
-- TOC entry 2880 (class 0 OID 69158)
-- Dependencies: 205
-- Data for Name: auth_user; Type: TABLE DATA; Schema: public; Owner: postgres
--

COPY public.auth_user (id, password, username) FROM stdin;
1	$2a$10$4mtJPUySOPSWIgqOi9YbQ.bDX46wC3Moefxvk8pAvGtrZ0418.EXS	matej
4	$2a$10$7wY9nvMQFw0RvYTn8fReeei8uQ83lbInzrXER8/asVDeNxjvxJWje	Bumer
5	$2a$10$IKVwNSZPJXj81KRXFDjRFe.N9pwxlDAaaax2dD7wKfYIK58TKju7m	anja
7	$2a$10$gwowQgcd7hlpGv/NxfHA4OtHmFFrH.yxT/a5.Or3/sdwyo.XJ5xl6	Barbara
8	$2a$10$sgVBigHoFjRGBTAaYTraJepioCtd7CwFjPp3ZpxdwreWxmmnQn8De	Kery
9	$2a$10$eBZuGRS6xY9vFSvODvWO5.nSZSUMrV6KctEa0DfPXZfLWq0G6XHdC	brana
\.


--
-- TOC entry 2881 (class 0 OID 69164)
-- Dependencies: 206
-- Data for Name: auth_user_role; Type: TABLE DATA; Schema: public; Owner: postgres
--

COPY public.auth_user_role (user_id, role_id) FROM stdin;
1	1
1	2
4	1
5	1
7	1
8	1
9	1
\.


--
-- TOC entry 2882 (class 0 OID 69169)
-- Dependencies: 207
-- Data for Name: box; Type: TABLE DATA; Schema: public; Owner: postgres
--

COPY public.box (box_type, available, filled, value, column_type, form_id) FROM stdin;
0	t	f	0	0	1389
1	f	f	0	0	1389
2	f	f	0	0	1389
3	f	f	0	0	1389
4	f	f	0	0	1389
5	f	f	0	0	1389
6	f	f	0	0	1389
7	f	f	0	0	1389
8	f	f	0	0	1389
9	f	f	0	0	1389
10	f	f	0	0	1389
11	f	f	0	0	1389
12	f	f	0	0	1389
0	f	f	0	1	1389
1	f	f	0	1	1389
2	f	f	0	1	1389
3	f	f	0	1	1389
4	f	f	0	1	1389
5	f	f	0	1	1389
6	f	f	0	1	1389
7	f	f	0	1	1389
8	f	f	0	1	1389
9	f	f	0	1	1389
10	f	f	0	1	1389
11	f	f	0	1	1389
12	t	f	0	1	1389
0	t	f	0	2	1389
1	t	f	0	2	1389
2	t	f	0	2	1389
3	t	f	0	2	1389
4	t	f	0	2	1389
5	t	f	0	2	1389
7	t	f	0	2	1389
8	t	f	0	2	1389
9	t	f	0	2	1389
10	t	f	0	2	1389
11	t	f	0	2	1389
12	t	f	0	2	1389
0	t	f	0	3	1389
1	t	f	0	3	1389
2	t	f	0	3	1389
3	t	f	0	3	1389
4	t	f	0	3	1389
5	t	f	0	3	1389
6	t	f	0	3	1389
7	t	f	0	3	1389
8	t	f	0	3	1389
9	t	f	0	3	1389
10	t	f	0	3	1389
11	t	f	0	3	1389
12	t	f	0	3	1389
6	f	t	24	2	1389
0	t	f	0	3	1381
7	f	t	10	2	1381
6	f	t	25	2	1381
11	f	t	48	2	1381
3	f	t	16	2	1381
1	f	t	4	2	1381
2	f	t	9	2	1381
4	f	t	10	2	1381
10	f	t	45	3	1381
8	f	t	25	3	1381
6	f	t	26	3	1381
3	f	t	12	3	1381
1	f	t	6	3	1381
9	f	t	0	2	1381
2	f	t	9	3	1381
0	f	t	2	0	1381
0	f	t	4	2	1381
12	f	t	0	2	1381
11	f	t	48	1	1381
10	f	t	58	1	1381
1	f	t	4	0	1381
11	f	t	60	3	1381
5	f	t	24	2	1381
4	f	t	10	3	1381
8	f	t	25	2	1381
7	f	t	9	3	1381
2	f	t	6	0	1381
3	f	t	12	0	1381
9	f	t	0	3	1381
4	f	t	20	0	1381
5	f	t	18	0	1381
9	f	t	0	1	1381
8	f	t	28	1	1381
6	f	t	25	0	1381
7	f	t	13	0	1381
7	f	t	9	1	1381
8	f	t	19	0	1381
9	f	t	45	0	1381
5	f	t	18	3	1381
10	f	t	47	0	1381
6	f	t	19	1	1381
5	f	t	12	1	1381
12	f	t	0	3	1381
4	f	t	10	1	1381
0	t	f	0	1	1381
3	f	t	0	1	1381
11	f	t	0	0	1381
12	f	t	0	0	1381
2	f	t	6	1	1381
1	f	t	6	1	1381
0	t	f	0	0	1386
1	f	f	0	0	1386
0	t	f	0	0	1225
1	f	f	0	0	1225
2	f	f	0	0	1225
3	f	f	0	0	1225
4	f	f	0	0	1225
5	f	f	0	0	1225
6	f	f	0	0	1225
7	f	f	0	0	1225
8	f	f	0	0	1225
9	f	f	0	0	1225
10	f	f	0	0	1225
11	f	f	0	0	1225
12	f	f	0	0	1225
0	f	f	0	1	1225
1	f	f	0	1	1225
2	f	f	0	1	1225
3	f	f	0	1	1225
4	f	f	0	1	1225
5	f	f	0	1	1225
6	f	f	0	1	1225
7	f	f	0	1	1225
8	f	f	0	1	1225
9	f	f	0	1	1225
10	f	f	0	1	1225
11	f	f	0	1	1225
12	t	f	0	1	1225
0	t	f	0	2	1225
1	t	f	0	2	1225
2	t	f	0	2	1225
3	t	f	0	2	1225
4	t	f	0	2	1225
5	t	f	0	2	1225
6	t	f	0	2	1225
7	t	f	0	2	1225
8	t	f	0	2	1225
9	t	f	0	2	1225
10	t	f	0	2	1225
11	t	f	0	2	1225
12	t	f	0	2	1225
0	t	f	0	3	1225
1	t	f	0	3	1225
2	t	f	0	3	1225
3	t	f	0	3	1225
4	t	f	0	3	1225
5	t	f	0	3	1225
6	t	f	0	3	1225
7	t	f	0	3	1225
8	t	f	0	3	1225
9	t	f	0	3	1225
10	t	f	0	3	1225
11	t	f	0	3	1225
12	t	f	0	3	1225
5	f	t	24	2	1380
1	f	t	8	2	1380
10	f	t	54	2	1381
12	f	t	0	1	1381
2	f	f	0	0	1386
3	f	f	0	0	1386
4	f	f	0	0	1386
5	f	f	0	0	1386
6	f	f	0	0	1386
7	f	f	0	0	1386
8	f	f	0	0	1386
9	f	f	0	0	1386
10	f	f	0	0	1386
11	f	f	0	0	1386
12	f	f	0	0	1386
0	f	f	0	1	1386
1	f	f	0	1	1386
0	t	f	0	0	1380
1	f	f	0	0	1380
2	f	f	0	0	1380
3	f	f	0	0	1380
4	f	f	0	0	1380
5	f	f	0	0	1380
6	f	f	0	0	1380
7	f	f	0	0	1380
8	f	f	0	0	1380
9	f	f	0	0	1380
10	f	f	0	0	1380
11	f	f	0	0	1380
12	f	f	0	0	1380
0	f	f	0	1	1380
1	f	f	0	1	1380
2	f	f	0	1	1380
3	f	f	0	1	1380
4	f	f	0	1	1380
5	f	f	0	1	1380
6	f	f	0	1	1380
7	f	f	0	1	1380
8	f	f	0	1	1380
9	f	f	0	1	1380
10	f	f	0	1	1380
11	f	f	0	1	1380
12	t	f	0	1	1380
0	t	f	0	2	1380
2	t	f	0	2	1380
3	t	f	0	2	1380
4	t	f	0	2	1380
6	t	f	0	2	1380
7	t	f	0	2	1380
8	t	f	0	2	1380
9	t	f	0	2	1380
10	t	f	0	2	1380
11	t	f	0	2	1380
12	t	f	0	2	1380
0	t	f	0	3	1380
1	t	f	0	3	1380
2	t	f	0	3	1380
3	t	f	0	3	1380
4	t	f	0	3	1380
5	t	f	0	3	1380
6	t	f	0	3	1380
7	t	f	0	3	1380
8	t	f	0	3	1380
9	t	f	0	3	1380
10	t	f	0	3	1380
11	t	f	0	3	1380
12	t	f	0	3	1380
2	f	f	0	1	1386
3	f	f	0	1	1386
4	f	f	0	1	1386
5	f	f	0	1	1386
6	f	f	0	1	1386
7	f	f	0	1	1386
8	f	f	0	1	1386
9	f	f	0	1	1386
10	f	f	0	1	1386
11	f	f	0	1	1386
12	t	f	0	1	1386
0	t	f	0	2	1386
1	t	f	0	2	1386
2	t	f	0	2	1386
3	t	f	0	2	1386
4	t	f	0	2	1386
5	t	f	0	2	1386
6	t	f	0	2	1386
7	t	f	0	2	1386
8	t	f	0	2	1386
9	t	f	0	2	1386
10	t	f	0	2	1386
11	t	f	0	2	1386
2	f	f	0	0	1274
3	f	f	0	0	1274
4	f	f	0	0	1274
5	f	f	0	0	1274
6	f	f	0	0	1274
7	f	f	0	0	1274
8	f	f	0	0	1274
9	f	f	0	0	1274
10	f	f	0	0	1274
11	f	f	0	0	1274
12	f	f	0	0	1274
0	f	f	0	1	1274
1	f	f	0	1	1274
2	f	f	0	1	1274
3	f	f	0	1	1274
4	f	f	0	1	1274
5	f	f	0	1	1274
6	f	f	0	1	1274
7	f	f	0	1	1274
8	f	f	0	1	1274
9	f	f	0	1	1274
10	f	f	0	1	1274
11	f	f	0	1	1274
12	t	f	0	1	1274
0	t	f	0	2	1274
1	t	f	0	2	1274
2	t	f	0	2	1274
3	t	f	0	2	1274
5	t	f	0	2	1274
6	t	f	0	2	1274
7	t	f	0	2	1274
8	t	f	0	2	1274
9	t	f	0	2	1274
10	t	f	0	2	1274
12	t	f	0	2	1274
0	t	f	0	3	1274
1	t	f	0	3	1274
2	t	f	0	3	1274
3	t	f	0	3	1274
4	t	f	0	3	1274
5	t	f	0	3	1274
6	t	f	0	3	1274
7	t	f	0	3	1274
8	t	f	0	3	1274
9	t	f	0	3	1274
10	t	f	0	3	1274
11	t	f	0	3	1274
12	t	f	0	3	1274
4	f	t	10	2	1274
11	f	t	56	2	1274
0	f	t	3	0	1274
1	t	f	0	0	1274
12	t	f	0	2	1386
0	t	f	0	3	1386
1	t	f	0	3	1386
2	t	f	0	3	1386
3	t	f	0	3	1386
4	t	f	0	3	1386
5	t	f	0	3	1386
6	t	f	0	3	1386
7	t	f	0	3	1386
8	t	f	0	3	1386
9	t	f	0	3	1386
10	t	f	0	3	1386
11	t	f	0	3	1386
12	t	f	0	3	1386
\.


--
-- TOC entry 2883 (class 0 OID 69174)
-- Dependencies: 208
-- Data for Name: column; Type: TABLE DATA; Schema: public; Owner: postgres
--

COPY public."column" (column_type, form_id) FROM stdin;
0	1225
1	1225
2	1225
3	1225
0	1386
1	1386
2	1386
3	1386
0	1389
1	1389
2	1389
3	1389
0	1274
1	1274
2	1274
3	1274
0	1380
1	1380
2	1380
3	1380
0	1381
1	1381
2	1381
3	1381
\.


--
-- TOC entry 2884 (class 0 OID 69179)
-- Dependencies: 209
-- Data for Name: dice; Type: TABLE DATA; Schema: public; Owner: postgres
--

COPY public.dice (ordinal_number, value, form_id) FROM stdin;
0	1	1389
4	3	1389
0	6	1274
1	6	1274
2	1	1389
1	2	1389
3	3	1389
3	6	1225
0	1	1225
1	2	1225
2	4	1225
4	3	1225
1	6	1381
2	1	1274
3	1	1274
3	3	1381
0	1	1381
4	1	1274
2	3	1381
4	5	1381
0	6	1386
1	6	1386
2	6	1386
3	6	1386
4	6	1386
4	2	1380
0	6	1380
2	3	1380
3	5	1380
1	2	1380
\.


--
-- TOC entry 2886 (class 0 OID 69186)
-- Dependencies: 211
-- Data for Name: form; Type: TABLE DATA; Schema: public; Owner: postgres
--

COPY public.form (id, announcement, roll_count, user_id) FROM stdin;
1389	\N	1	4
1381	\N	0	9
1274	\N	0	7
1386	\N	0	8
1225	\N	1	1
1380	\N	1	5
\.


--
-- TOC entry 2888 (class 0 OID 69194)
-- Dependencies: 213
-- Data for Name: score; Type: TABLE DATA; Schema: public; Owner: postgres
--

COPY public.score (id, date, value, user_id) FROM stdin;
2	2020-08-11 00:00:00	1179	4
5	2020-08-12 00:00:00	1081	8
6	2020-08-12 00:00:00	754	8
7	2020-08-13 00:00:00	862	8
8	2020-08-13 00:00:00	889	8
9	2020-08-13 00:00:00	828	8
10	2020-08-13 00:00:00	1033	1
11	2020-08-13 00:00:00	892	1
12	2020-08-13 00:00:00	987	1
13	2020-08-14 00:00:00	1105	1
14	2020-08-14 00:00:00	1033	8
15	2020-08-14 00:00:00	1080	8
16	2020-08-14 00:00:00	1030	1
17	2020-08-14 00:00:00	1171	5
18	2020-08-15 00:00:00	1069	1
19	2020-08-15 00:00:00	1190	1
20	2020-08-15 00:00:00	811	8
21	2020-08-15 00:00:00	1217	4
22	2020-08-15 00:00:00	1070	1
23	2020-08-16 00:00:00	1171	5
24	2020-08-16 00:00:00	1058	1
25	2020-08-16 00:00:00	951	8
26	2020-08-16 00:00:00	976	4
27	2020-08-16 00:00:00	1084	8
28	2020-08-16 00:00:00	994	4
29	2020-08-16 00:00:00	1085	8
30	2020-08-16 00:00:00	1106	1
31	2020-08-17 00:00:00	954	9
32	2020-08-17 00:00:00	928	9
33	2020-08-17 00:00:00	1027	1
34	2020-08-17 00:00:00	946	9
35	2020-08-17 00:00:00	973	4
36	2020-08-17 00:00:00	1061	4
37	2020-08-17 00:00:00	1029	1
38	2020-08-17 00:00:00	1049	1
39	2020-08-17 00:00:00	1062	1
40	2020-08-17 00:00:00	1117	1
41	2020-08-17 00:00:00	1199	1
42	2020-08-17 00:00:00	872	9
43	2020-08-17 00:00:00	1072	9
44	2020-08-17 00:00:00	859	9
45	2020-08-17 00:00:00	1153	5
46	2020-08-18 00:00:00	1225	5
47	2020-08-18 00:00:00	1023	9
48	2020-08-18 00:00:00	1041	9
49	2020-08-18 00:00:00	857	8
50	2020-08-18 00:00:00	1194	8
51	2020-08-18 00:00:00	1131	4
52	2020-08-18 00:00:00	947	4
53	2020-08-18 00:00:00	681	9
54	2020-08-18 00:00:00	996	4
55	2020-08-18 00:00:00	858	4
56	2020-08-18 00:00:00	1128	9
57	2020-08-18 00:00:00	1250	1
58	2020-08-18 00:00:00	1088	5
59	2020-08-18 00:00:00	967	9
60	2020-08-19 00:00:00	1125	8
61	2020-08-19 00:00:00	962	4
62	2020-08-19 00:00:00	1037	8
63	2020-08-19 00:00:00	854	4
64	2020-08-19 00:00:00	931	8
65	2020-08-19 00:00:00	867	4
66	2020-08-19 00:00:00	759	4
67	2020-08-19 00:00:00	1088	4
68	2020-08-19 00:00:00	1045	4
69	2020-08-19 00:00:00	1097	9
70	2020-08-19 00:00:00	915	9
71	2020-08-19 00:00:00	905	9
72	2020-08-20 00:00:00	785	9
73	2020-08-20 00:00:00	948	9
74	2020-08-20 00:00:00	1144	5
75	2020-08-20 00:00:00	1089	5
76	2020-08-20 00:00:00	1270	5
77	2020-08-20 00:00:00	1108	1
78	2020-08-20 00:00:00	862	9
79	2020-08-20 00:00:00	873	9
80	2020-08-20 00:00:00	1139	1
81	2020-08-20 00:00:00	1102	9
85	2020-08-21 00:00:00	1121	4
86	2020-08-21 00:00:00	731	4
87	2020-08-21 00:00:00	1059	8
88	2020-08-21 00:00:00	808	8
89	2020-08-21 00:00:00	994	9
90	2020-08-21 00:00:00	843	8
91	2020-08-21 00:00:00	977	8
92	2020-08-22 00:00:00	1210	9
93	2020-08-22 00:00:00	928	9
94	2020-08-22 00:00:00	1201	8
95	2020-08-22 00:00:00	978	4
96	2020-08-22 00:00:00	1034	8
97	2020-08-22 00:00:00	1075	9
98	2020-08-23 00:00:00	1072	1
99	2020-08-23 00:00:00	770	9
100	2020-08-23 00:00:00	1236	4
101	2020-08-23 00:00:00	897	8
102	2020-08-23 00:00:00	1067	9
103	2020-08-23 00:00:00	960	8
104	2020-08-23 00:00:00	864	8
105	2020-08-23 00:00:00	1085	9
106	2020-08-23 00:00:00	783	8
107	2020-08-23 00:00:00	1001	8
108	2020-08-23 00:00:00	1094	8
109	2020-08-23 00:00:00	1040	8
110	2020-08-23 00:00:00	936	8
111	2020-08-23 00:00:00	860	9
112	2020-08-23 00:00:00	983	9
113	2020-08-23 00:00:00	991	9
114	2020-08-23 00:00:00	1032	9
115	2020-08-24 00:00:00	961	9
116	2020-08-24 00:00:00	971	8
117	2020-08-24 00:00:00	1054	8
118	2020-08-24 00:00:00	995	8
119	2020-08-24 00:00:00	929	4
120	2020-08-24 00:00:00	897	8
121	2020-08-24 00:00:00	796	9
122	2020-08-24 00:00:00	958	9
123	2020-08-24 00:00:00	1093	9
124	2020-08-24 00:00:00	912	8
125	2020-08-24 00:00:00	574	9
126	2020-08-24 00:00:00	975	8
127	2020-08-24 00:00:00	913	9
128	2020-08-24 00:00:00	888	9
129	2020-08-24 00:00:00	991	9
130	2020-08-25 00:00:00	810	9
131	2020-08-25 00:00:00	716	8
132	2020-08-25 00:00:00	1085	9
133	2020-08-25 00:00:00	1016	9
134	2020-08-25 00:00:00	931	9
135	2020-08-26 00:00:00	1107	9
136	2020-08-26 00:00:00	1175	8
137	2020-08-26 00:00:00	995	4
138	2020-08-26 00:00:00	955	9
139	2020-08-26 00:00:00	881	8
140	2020-08-26 00:00:00	936	9
141	2020-08-26 00:00:00	920	9
142	2020-08-26 00:00:00	894	9
143	2020-08-26 00:00:00	700	8
144	2020-08-26 00:00:00	937	8
145	2020-08-26 00:00:00	845	9
146	2020-08-27 00:00:00	1135	4
147	2020-08-27 00:00:00	1004	9
148	2020-08-27 00:00:00	1122	9
149	2020-08-27 00:00:00	1022	1
150	2020-08-27 00:00:00	946	1
151	2020-08-27 00:00:00	893	9
152	2020-08-27 00:00:00	862	9
153	2020-08-27 00:00:00	1221	5
154	2020-08-27 00:00:00	855	9
155	2020-08-27 00:00:00	825	9
156	2020-08-27 00:00:00	1207	4
157	2020-08-28 00:00:00	1116	9
158	2020-08-28 00:00:00	853	9
159	2020-08-28 00:00:00	1013	8
160	2020-08-28 00:00:00	959	8
161	2020-08-28 00:00:00	900	9
162	2020-08-28 00:00:00	947	9
163	2020-08-28 00:00:00	1092	4
164	2020-08-28 00:00:00	1013	4
165	2020-08-28 00:00:00	1077	8
166	2020-08-28 00:00:00	859	8
167	2020-08-28 00:00:00	914	8
168	2020-08-28 00:00:00	898	8
169	2020-08-28 00:00:00	906	9
170	2020-08-28 00:00:00	952	8
171	2020-08-28 00:00:00	1002	8
172	2020-08-28 00:00:00	1012	9
173	2020-08-28 00:00:00	956	9
174	2020-08-28 00:00:00	1012	1
175	2020-08-29 00:00:00	1045	9
177	2020-08-29 15:17:09.367372	925	9
178	2020-08-29 15:27:28.631252	880	9
179	2020-08-29 16:08:10.638475	857	8
180	2020-08-29 16:19:17.386313	1122	9
181	2020-08-29 16:34:45.801874	882	8
182	2020-08-29 22:24:13.796756	1220	5
183	2020-08-30 06:15:07.125219	940	9
184	2020-08-30 10:06:52.930121	845	9
185	2020-08-30 11:34:51.146069	1005	8
186	2020-08-30 11:44:45.096871	886	8
187	2020-08-30 13:05:42.411105	1002	4
188	2020-08-30 13:18:24.254513	1165	4
189	2020-08-30 13:57:31.619794	971	9
190	2020-08-30 15:06:44.240328	935	9
191	2020-08-30 15:39:12.303027	1080	1
192	2020-08-30 15:59:56.487873	977	8
193	2020-08-30 16:09:27.928875	927	8
194	2020-08-30 16:20:06.646746	813	8
195	2020-08-30 18:34:03.128151	1003	9
196	2020-08-31 08:11:56.75173	1083	5
197	2020-08-31 08:59:54.972249	1032	8
198	2020-08-31 09:03:09.186449	931	4
199	2020-08-31 09:48:37.656402	1040	1
200	2020-08-31 09:59:09.268731	847	8
201	2020-08-31 10:09:11.689884	967	8
202	2020-08-31 10:18:30.199312	831	8
203	2020-08-31 10:47:42.764747	1008	8
204	2020-08-31 10:56:45.277288	1070	8
205	2020-08-31 11:07:20.007899	1087	8
206	2020-08-31 11:17:09.390353	988	8
207	2020-08-31 11:40:34.277894	886	8
208	2020-08-31 11:55:48.063747	1121	8
209	2020-08-31 12:45:12.299906	961	4
210	2020-08-31 12:58:12.881588	1014	4
211	2020-08-31 13:25:54.472761	863	4
244	2020-08-31 16:03:41.104852	827	8
245	2020-08-31 16:23:54.705793	924	8
246	2020-08-31 19:54:45.88562	1257	5
247	2020-08-31 20:42:53.523761	950	9
248	2020-09-01 08:10:21.710871	970	8
249	2020-09-01 10:03:12.650018	746	8
250	2020-09-01 13:30:27.059531	688	8
251	2020-09-01 13:39:49.291712	943	8
252	2020-09-01 13:49:26.341418	729	8
253	2020-09-01 15:31:47.609123	838	8
254	2020-09-01 16:13:15.472316	904	8
255	2020-09-01 16:20:42.596566	1050	4
256	2020-09-01 16:30:24.156919	922	8
257	2020-09-01 16:33:45.69869	1060	4
258	2020-09-01 16:46:10.880963	882	4
259	2020-09-02 15:09:03.485338	854	8
260	2020-09-03 08:36:55.442372	1152	8
261	2020-09-03 08:46:33.829813	1171	8
262	2020-09-03 09:44:17.151668	953	8
263	2020-09-03 09:49:34.648879	895	4
264	2020-09-03 09:53:29.011719	1022	8
265	2020-09-03 10:02:09.957582	823	4
266	2020-09-03 10:03:11.019683	1101	8
267	2020-09-03 10:14:38.146172	968	4
268	2020-09-03 10:17:46.732745	980	8
269	2020-09-03 10:27:16.845979	1006	4
270	2020-09-03 10:39:08.746111	859	4
271	2020-09-03 10:52:02.821158	1048	8
272	2020-09-03 11:00:54.818098	914	8
273	2020-09-03 11:38:35.778159	843	8
274	2020-09-03 12:03:53.585595	690	8
275	2020-09-03 14:09:09.644341	1032	8
276	2020-09-03 14:18:18.334288	929	8
277	2020-09-03 14:56:23.271149	946	8
278	2020-09-03 17:40:50.352617	806	4
279	2020-09-03 18:22:14.28521	924	9
280	2020-09-04 06:45:08.527948	997	8
281	2020-09-04 06:54:53.873352	897	8
282	2020-09-04 11:33:03.24895	753	8
283	2020-09-04 12:34:39.808104	1216	9
284	2020-09-04 16:20:16.253275	1038	4
285	2020-09-04 18:11:00.428875	1100	1
286	2020-09-04 20:04:12.653904	1065	9
287	2020-09-05 09:13:07.991129	848	8
288	2020-09-05 10:22:00.823624	1002	4
289	2020-09-05 10:37:27.013104	783	8
290	2020-09-05 12:05:39.05631	938	4
291	2020-09-05 13:43:58.768045	917	8
292	2020-09-05 14:46:52.203485	1016	9
293	2020-09-06 10:20:23.539332	1074	7
294	2020-09-06 10:35:48.401026	934	7
295	2020-09-06 10:52:34.945407	935	7
296	2020-09-06 16:04:01.522806	1176	1
297	2020-09-06 17:13:07.077685	1192	4
298	2020-09-06 19:25:38.508011	1042	9
299	2020-09-06 19:36:24.176225	1074	9
300	2020-09-07 09:31:09.783417	915	8
301	2020-09-07 09:40:44.877719	863	8
302	2020-09-07 09:41:48.43949	1003	4
303	2020-09-07 09:50:30.873242	877	8
304	2020-09-07 09:51:04.74675	1081	9
305	2020-09-07 09:54:19.622509	949	4
306	2020-09-07 09:59:46.660517	862	8
307	2020-09-07 10:25:07.641135	971	8
308	2020-09-07 10:34:22.993259	938	8
309	2020-09-07 12:17:20.936004	975	8
310	2020-09-07 12:19:58.90414	1231	9
311	2020-09-07 12:26:23.140128	1000	8
312	2020-09-07 12:34:55.810235	871	7
313	2020-09-07 12:35:58.393065	856	8
314	2020-09-07 12:50:39.340943	832	8
315	2020-09-07 12:51:25.104354	1128	7
316	2020-09-07 13:11:47.052324	785	4
317	2020-09-07 13:26:42.712189	1097	4
318	2020-09-07 13:28:59.250392	1048	8
319	2020-09-07 13:40:57.566449	961	8
320	2020-09-07 13:43:44.188464	866	4
321	2020-09-07 14:02:08.352301	845	8
322	2020-09-07 14:11:43.791357	1081	8
323	2020-09-07 14:21:32.934007	1051	8
324	2020-09-07 14:42:51.342131	1019	9
325	2020-09-07 14:44:56.584224	942	7
326	2020-09-07 16:14:31.351367	832	4
327	2020-09-07 16:42:13.261256	667	8
328	2020-09-07 19:57:16.497156	1038	9
329	2020-09-08 08:00:27.878793	1163	8
330	2020-09-08 10:09:34.562624	892	9
331	2020-09-08 11:02:33.072094	1088	8
332	2020-09-08 11:12:40.07716	857	8
333	2020-09-08 11:12:55.098387	1164	7
334	2020-09-08 11:25:31.779108	1142	7
335	2020-09-08 11:30:11.581882	1117	8
336	2020-09-08 11:41:51.864996	993	7
337	2020-09-08 11:54:17.031171	967	7
338	2020-09-08 12:21:44.310591	1084	7
339	2020-09-08 12:36:49.635559	1017	4
340	2020-09-08 12:48:32.959651	1039	4
341	2020-09-08 13:01:40.008241	859	4
342	2020-09-08 13:15:00.986774	991	4
343	2020-09-08 13:29:58.987908	1031	8
344	2020-09-08 13:31:53.102843	1003	4
345	2020-09-08 13:40:11.955295	873	8
346	2020-09-08 13:42:46.657381	1138	4
347	2020-09-08 13:53:34.653599	895	8
348	2020-09-08 13:54:33.575639	1094	4
349	2020-09-08 16:47:00.676762	1127	9
350	2020-09-08 17:55:30.824929	937	4
351	2020-09-08 18:07:10.682867	1194	4
352	2020-09-08 18:18:33.454547	779	4
353	2020-09-08 18:30:34.530158	1065	4
354	2020-09-08 18:42:23.832243	1040	4
355	2020-09-08 18:55:17.879553	1165	4
356	2020-09-08 19:48:11.668087	806	4
357	2020-09-09 08:39:27.746167	960	4
358	2020-09-09 10:05:47.746283	859	8
359	2020-09-09 10:15:04.733944	885	8
360	2020-09-09 10:32:04.469422	961	8
361	2020-09-09 10:41:35.138774	1025	8
362	2020-09-09 12:46:17.911281	778	9
363	2020-09-09 13:24:29.80315	1044	8
364	2020-09-09 15:35:26.918926	1098	8
365	2020-09-09 15:48:20.737772	872	4
366	2020-09-09 16:14:42.795544	1024	8
367	2020-09-09 17:46:42.778883	1126	9
368	2020-09-09 17:58:45.156015	1096	9
369	2020-09-10 03:56:24.658572	1100	9
370	2020-09-10 07:53:47.116798	1163	8
371	2020-09-10 09:43:26.676395	981	8
372	2020-09-10 11:22:01.546785	981	9
373	2020-09-10 13:24:16.161635	874	8
375	2020-09-11 12:47:19.737839	1007	9
376	2020-09-11 19:42:54.636376	1001	9
377	2020-09-12 11:31:11.395023	1126	4
378	2020-09-12 11:42:36.455536	1187	4
379	2020-09-12 11:54:28.672319	1112	4
380	2020-09-12 12:23:48.028886	1045	4
381	2020-09-12 12:38:55.926194	945	4
382	2020-09-12 17:22:54.152108	987	9
383	2020-09-12 17:34:11.656394	1083	4
384	2020-09-12 17:46:36.565423	1057	4
385	2020-09-12 17:57:54.432838	782	4
386	2020-09-13 07:33:52.781932	1040	4
387	2020-09-13 11:22:31.482782	1058	8
388	2020-09-13 11:41:45.282832	1141	8
389	2020-09-13 12:15:25.638654	890	9
390	2020-09-13 14:33:21.805868	776	8
391	2020-09-13 15:23:41.56128	1053	4
392	2020-09-13 15:35:48.625874	995	4
393	2020-09-13 15:47:31.613425	924	4
394	2020-09-13 16:19:41.018148	924	8
395	2020-09-13 16:45:29.677457	1043	8
396	2020-09-13 16:55:16.778115	893	8
397	2020-09-13 17:06:34.223082	834	8
398	2020-09-13 17:19:41.621305	1017	8
399	2020-09-14 07:34:12.78064	918	9
400	2020-09-14 09:53:29.07225	865	8
401	2020-09-14 10:03:41.139385	788	8
402	2020-09-14 10:21:32.207631	908	8
403	2020-09-14 12:47:30.176093	991	9
404	2020-09-14 14:48:58.5823	1001	9
405	2020-09-14 15:14:26.882431	884	8
406	2020-09-14 15:33:45.946206	1122	8
407	2020-09-14 15:53:40.327763	1083	8
408	2020-09-14 17:38:25.533349	1103	4
409	2020-09-15 09:32:26.580719	874	8
410	2020-09-15 09:41:45.895812	906	8
411	2020-09-15 09:55:42.684782	909	8
412	2020-09-15 15:17:16.843515	1132	9
413	2020-09-15 18:48:35.375085	1018	4
414	2020-09-15 19:02:23.77563	946	7
415	2020-09-15 19:04:16.151099	930	4
416	2020-09-15 19:16:12.042801	966	4
417	2020-09-16 10:49:51.970191	898	8
418	2020-09-16 10:59:07.801057	1142	8
419	2020-09-16 11:13:24.559146	966	8
420	2020-09-16 11:38:23.267489	926	8
421	2020-09-16 11:52:22.599814	941	8
422	2020-09-16 16:23:16.809903	1051	8
423	2020-09-16 16:33:21.495014	911	8
424	2020-09-16 18:37:13.990793	1007	9
425	2020-09-17 06:11:18.71056	909	4
426	2020-09-17 09:24:33.957329	834	9
427	2020-09-17 10:14:30.10844	843	8
428	2020-09-17 10:29:42.97166	1009	8
429	2020-09-17 10:57:53.613773	1008	8
430	2020-09-17 18:31:31.570491	1089	9
431	2020-09-18 05:42:47.204993	1036	9
432	2020-09-18 10:56:34.040239	919	8
433	2020-09-18 11:36:18.083818	1109	7
434	2020-09-18 12:44:15.194235	1000	4
435	2020-09-18 12:56:54.622572	893	4
436	2020-09-18 13:08:42.374001	1231	4
437	2020-09-19 08:28:22.80849	815	8
438	2020-09-19 09:15:12.357529	1193	5
439	2020-09-20 07:51:12.072162	1103	8
440	2020-09-20 09:22:45.320507	1051	4
441	2020-09-20 09:44:26.675069	909	4
442	2020-09-20 09:55:51.220535	1038	4
443	2020-09-20 11:42:22.279071	856	9
444	2020-09-20 13:11:01.398741	918	8
445	2020-09-20 13:21:41.234798	960	8
446	2020-09-20 13:43:53.559602	804	8
447	2020-09-20 14:47:13.571055	984	4
448	2020-09-20 15:11:46.298071	983	8
449	2020-09-20 15:31:08.6776	969	8
450	2020-09-20 16:11:12.055149	1037	9
451	2020-09-20 18:15:30.842493	1102	5
452	2020-09-20 19:44:22.609453	1024	9
453	2020-09-21 04:48:32.411936	936	9
454	2020-09-21 05:37:44.528418	1046	8
455	2020-09-21 10:35:15.881743	795	8
456	2020-09-21 10:44:16.783263	913	8
457	2020-09-21 12:47:26.451664	911	4
458	2020-09-21 12:59:35.841981	963	4
459	2020-09-21 13:11:00.730794	888	4
460	2020-09-21 13:22:48.161946	946	4
461	2020-09-21 16:20:39.767755	912	8
462	2020-09-21 16:29:58.648076	991	8
463	2020-09-21 18:20:39.845531	796	9
464	2020-09-22 11:34:11.580176	993	8
465	2020-09-22 11:43:47.718955	930	8
466	2020-09-22 14:24:17.266883	995	4
\.


--
-- TOC entry 2900 (class 0 OID 0)
-- Dependencies: 202
-- Name: auth_role_id_seq; Type: SEQUENCE SET; Schema: public; Owner: postgres
--

SELECT pg_catalog.setval('public.auth_role_id_seq', 1, false);


--
-- TOC entry 2901 (class 0 OID 0)
-- Dependencies: 204
-- Name: auth_user_id_seq; Type: SEQUENCE SET; Schema: public; Owner: postgres
--

SELECT pg_catalog.setval('public.auth_user_id_seq', 12, true);


--
-- TOC entry 2902 (class 0 OID 0)
-- Dependencies: 210
-- Name: form_id_seq; Type: SEQUENCE SET; Schema: public; Owner: postgres
--

SELECT pg_catalog.setval('public.form_id_seq', 1389, true);


--
-- TOC entry 2903 (class 0 OID 0)
-- Dependencies: 212
-- Name: score_id_seq; Type: SEQUENCE SET; Schema: public; Owner: postgres
--

SELECT pg_catalog.setval('public.score_id_seq', 466, true);


--
-- TOC entry 2727 (class 2606 OID 69155)
-- Name: auth_role auth_role_pkey; Type: CONSTRAINT; Schema: public; Owner: postgres
--

ALTER TABLE ONLY public.auth_role
    ADD CONSTRAINT auth_role_pkey PRIMARY KEY (id);


--
-- TOC entry 2729 (class 2606 OID 69163)
-- Name: auth_user auth_user_pkey; Type: CONSTRAINT; Schema: public; Owner: postgres
--

ALTER TABLE ONLY public.auth_user
    ADD CONSTRAINT auth_user_pkey PRIMARY KEY (id);


--
-- TOC entry 2733 (class 2606 OID 69168)
-- Name: auth_user_role auth_user_role_pkey; Type: CONSTRAINT; Schema: public; Owner: postgres
--

ALTER TABLE ONLY public.auth_user_role
    ADD CONSTRAINT auth_user_role_pkey PRIMARY KEY (user_id, role_id);


--
-- TOC entry 2735 (class 2606 OID 69173)
-- Name: box box_pkey; Type: CONSTRAINT; Schema: public; Owner: postgres
--

ALTER TABLE ONLY public.box
    ADD CONSTRAINT box_pkey PRIMARY KEY (box_type, column_type, form_id);


--
-- TOC entry 2737 (class 2606 OID 69178)
-- Name: column column_pkey; Type: CONSTRAINT; Schema: public; Owner: postgres
--

ALTER TABLE ONLY public."column"
    ADD CONSTRAINT column_pkey PRIMARY KEY (column_type, form_id);


--
-- TOC entry 2739 (class 2606 OID 69183)
-- Name: dice dice_pkey; Type: CONSTRAINT; Schema: public; Owner: postgres
--

ALTER TABLE ONLY public.dice
    ADD CONSTRAINT dice_pkey PRIMARY KEY (form_id, ordinal_number);


--
-- TOC entry 2741 (class 2606 OID 69191)
-- Name: form form_pkey; Type: CONSTRAINT; Schema: public; Owner: postgres
--

ALTER TABLE ONLY public.form
    ADD CONSTRAINT form_pkey PRIMARY KEY (id);


--
-- TOC entry 2743 (class 2606 OID 69199)
-- Name: score score_pkey; Type: CONSTRAINT; Schema: public; Owner: postgres
--

ALTER TABLE ONLY public.score
    ADD CONSTRAINT score_pkey PRIMARY KEY (id);


--
-- TOC entry 2731 (class 2606 OID 69201)
-- Name: auth_user uk_t1iph3dfc25ukwcl9xemtnojn; Type: CONSTRAINT; Schema: public; Owner: postgres
--

ALTER TABLE ONLY public.auth_user
    ADD CONSTRAINT uk_t1iph3dfc25ukwcl9xemtnojn UNIQUE (username);


--
-- TOC entry 2744 (class 2606 OID 69202)
-- Name: auth_user_role fk3eldmba9luu9l0apl0791x8vd; Type: FK CONSTRAINT; Schema: public; Owner: postgres
--

ALTER TABLE ONLY public.auth_user_role
    ADD CONSTRAINT fk3eldmba9luu9l0apl0791x8vd FOREIGN KEY (role_id) REFERENCES public.auth_role(id);


--
-- TOC entry 2749 (class 2606 OID 69227)
-- Name: form fk3s9oibuul2i2n2cj5j4a7a0wv; Type: FK CONSTRAINT; Schema: public; Owner: postgres
--

ALTER TABLE ONLY public.form
    ADD CONSTRAINT fk3s9oibuul2i2n2cj5j4a7a0wv FOREIGN KEY (user_id) REFERENCES public.auth_user(id);


--
-- TOC entry 2747 (class 2606 OID 69217)
-- Name: column fk4tm0coo1ytodhkl7g71xg4c01; Type: FK CONSTRAINT; Schema: public; Owner: postgres
--

ALTER TABLE ONLY public."column"
    ADD CONSTRAINT fk4tm0coo1ytodhkl7g71xg4c01 FOREIGN KEY (form_id) REFERENCES public.form(id);


--
-- TOC entry 2745 (class 2606 OID 69207)
-- Name: auth_user_role fkebutsbqm58ehnlffb299ng0ap; Type: FK CONSTRAINT; Schema: public; Owner: postgres
--

ALTER TABLE ONLY public.auth_user_role
    ADD CONSTRAINT fkebutsbqm58ehnlffb299ng0ap FOREIGN KEY (user_id) REFERENCES public.auth_user(id);


--
-- TOC entry 2746 (class 2606 OID 69212)
-- Name: box fketqc11wr8yw4b14lyvjpk69u; Type: FK CONSTRAINT; Schema: public; Owner: postgres
--

ALTER TABLE ONLY public.box
    ADD CONSTRAINT fketqc11wr8yw4b14lyvjpk69u FOREIGN KEY (column_type, form_id) REFERENCES public."column"(column_type, form_id);


--
-- TOC entry 2748 (class 2606 OID 69222)
-- Name: dice fkkil3cliiocp5msjhyfriid052; Type: FK CONSTRAINT; Schema: public; Owner: postgres
--

ALTER TABLE ONLY public.dice
    ADD CONSTRAINT fkkil3cliiocp5msjhyfriid052 FOREIGN KEY (form_id) REFERENCES public.form(id);


--
-- TOC entry 2750 (class 2606 OID 69232)
-- Name: score fklc33gyad0wxre2rbl4vbr3uem; Type: FK CONSTRAINT; Schema: public; Owner: postgres
--

ALTER TABLE ONLY public.score
    ADD CONSTRAINT fklc33gyad0wxre2rbl4vbr3uem FOREIGN KEY (user_id) REFERENCES public.auth_user(id);


-- Completed on 2020-09-22 16:39:08

--
-- PostgreSQL database dump complete
--

